{"1mo_1d":{"open":[458.66,502.16,470.12,464.82,466.66,490.44,493.8,497.62,482.23,484.41,455.25,459.42,461.48,447.38,446.0,459.5,453.41,427.48,438.33,436.0,415.83,415.72],"volume":[77.9046,115.6044,92.5341,68.5192,70.1397,73.5206,52.857,46.3191,38.2653,46.867,43.333,47.3069,47.3966,34.9256,39.8355,37.0097,50.5713,50.0271,37.3064,36.7108,44.893,47.066162],"close":[471.16,471.63,460.18,468.35,487.84,492.64,493.55,485.09,485.48,470.61,462.41,455.72,451.78,448.7,454.85,455.81,439.0,439.66,435.2,422.39,410.17,416.1],"high":[472.0,502.66,478.05,469.8,490.81,499.27,497.44,498.0,488.51,485.49,463.44,466.06,461.63,456.73,459.3,459.87,455.99,442.42,439.66,439.03,421.0,421.15],"low":[452.08,471.59,450.24,448.88,463.91,484.25,489.58,481.42,478.6,465.8,451.52,452.71,443.12,445.31,445.03,451.31,438.08,420.0,430.02,422.23,409.8,412.31],"adjclose":[471.12,471.59,460.14,468.31,487.8,492.6,493.51,485.05,485.44,470.61,462.41,455.72,451.78,448.7,454.85,455.81,439.0,439.66,435.2,422.39,410.17,416.1]},"3mo_1d":{"open":[424.64,424.61,407.99,406.6,415.58,416.8,425.17,421.35,418.44,423.22,426.57,424.81,430.33,445.18,465.83,462.89,467.01,474.64,465.07,457.88,447.31,449.41,460.21,465.19,466.68,467.54,464.6,458.31,438.0,449.85,451.11,448.53,442.74,421.6,417.51,404.86,445.6,445.2,439.7,426.35,444.94,481.35,458.66,502.16,470.12,464.82,466.66,490.44,493.8,497.62,482.23,484.41,455.25,459.42,461.48,447.38,446.0,459.5,453.41,427.48,438.33,436.0,415.83,415.72],"volume":[35.6323,59.4322,46.2175,58.2639,38.0514,50.0534,19.8209,32.3618,30.3582,35.5253,35.3908,29.8244,48.1277,47.8204,77.0664,51.0488,57.019,42.7502,53.7865,96.2832,38.2516,34.8081,36.4237,45.5976,33.1194,25.1055,23.7858,53.0142,32.4176,36.2258,32.2154,35.3843,58.6449,49.2705,53.2009,69.0286,67.6512,52.7451,45.2395,58.2622,69.2573,75.7207,77.9046,115.6044,92.5341,68.5192,70.1397,73.5206,52.857,46.3191,38.2653,46.867,43.333,47.3069,47.3966,34.9256,39.8355,37.0097,50.5713,50.0271,37.3064,36.7108,44.893,47.066162],"close":[422.09,406.32,418.76,411.17,408.22,423.02,424.13,423.17,421.03,425.03,421.8,424.05,439.02,459.77,454.69,464.61,474.94,470.77,455.2,443.09,446.12,456.79,454.52,459.0,467.5,467.29,465.07,442.69,445.15,446.8,454.17,446.64,425.54,423.88,408.55,437.53,439.4,434.86,433.44,432.99,469.67,456.68,471.16,471.63,460.18,468.35,487.84,492.64,493.55,485.09,485.48,470.61,462.41,455.72,451.78,448.7,454.85,455.81,439.0,439.66,435.2,422.39,410.17,416.1],"high":[428.09,427.64,419.4,418.45,416.0,425.5,428.98,431.77,421.79,432.14,428.11,427.58,439.35,461.55,480.88,464.96,478.96,478.18,470.87,458.66,451.09,461.83,460.53,473.95,470.27,471.3,469.0,458.4,451.18,456.42,455.4,452.42,443.12,435.74,420.18,438.0,452.68,446.75,440.62,435.78,470.65,481.87,472.0,502.66,478.05,469.8,490.81,499.27,497.44,498.0,488.51,485.49,463.44,466.06,461.63,456.73,459.3,459.87,455.99,442.42,439.66,439.03,421.0,421.15],"low":[420.15,401.0,404.48,405.18,406.0,415.01,422.02,420.85,413.46,421.8,416.49,420.67,427.77,444.92,450.6,452.62,457.34,467.42,450.62,441.0,440.4,449.23,446.3,457.5,463.81,465.06,460.27,433.87,438.0,443.93,445.63,440.56,421.34,418.35,406.39,403.11,437.1,434.06,430.01,416.6,442.22,453.33,452.08,471.59,450.24,448.88,463.91,484.25,489.58,481.42,478.6,465.8,451.52,452.71,443.12,445.31,445.03,451.31,438.08,420.0,430.02,422.23,409.8,412.31],"adjclose":[422.06,406.29,418.73,411.14,408.19,422.99,424.1,423.14,421.0,424.99,421.77,424.02,438.98,459.73,454.65,464.57,474.9,470.73,455.16,443.05,446.08,456.75,454.48,458.96,467.46,467.25,465.03,442.65,445.11,446.76,454.13,446.6,425.5,423.85,408.52,437.49,439.36,434.82,433.4,432.95,469.63,456.64,471.12,471.59,460.14,468.31,487.8,492.6,493.51,485.05,485.44,470.61,462.41,455.72,451.78,448.7,454.85,455.81,439.0,439.66,435.2,422.39,410.17,416.1]}}